{
    "rmse": 0.8044022438247388,
    "mae": 0.6568403256802426,
    "r2": 0.009858962107680891
}